$p$ Hidden Layer Width,Alignment,Regularization $\lambda$,Activation
5000,0.6712923,0.0,sigmoid
5000,0.6889053,0.0,sigmoid
6000,0.6818204,0.0,sigmoid
6000,0.6724387,0.0,sigmoid
5000,0.78413695,0.1,sigmoid
5000,0.80572504,0.1,sigmoid
6000,0.67037857,0.1,sigmoid
6000,0.7030985,0.1,sigmoid
5000,0.80169666,1.0,sigmoid
5000,0.5399902,1.0,sigmoid
6000,0.47227198,1.0,sigmoid
6000,0.5420291,1.0,sigmoid
