$p$ Hidden Layer Width,Alignment,Regularization $\lambda$,Activation
5000,0.28937006,0.0,sigmoid
5000,0.2874346,0.0,sigmoid
6000,0.35916337,0.0,sigmoid
6000,0.3348937,0.0,sigmoid
5000,0.7241706,0.1,sigmoid
5000,0.4541407,0.1,sigmoid
6000,0.55279595,0.1,sigmoid
6000,0.6390514,0.1,sigmoid
5000,0.5963064,0.2,sigmoid
5000,0.3863082,0.2,sigmoid
6000,0.6269803,0.2,sigmoid
6000,0.756872,0.2,sigmoid
