$p$ Hidden Layer Width,Alignment,Regularization $\lambda$,Activation
5000,0.3223066,0.0,sigmoid
5000,0.2526361,0.0,sigmoid
6000,0.29642683,0.0,sigmoid
6000,0.29688436,0.0,sigmoid
5000,0.41956154,0.1,sigmoid
5000,0.51632106,0.1,sigmoid
6000,0.7633477,0.1,sigmoid
6000,0.7659499,0.1,sigmoid
5000,0.4860184,1.0,sigmoid
5000,0.337468,1.0,sigmoid
6000,0.25459474,1.0,sigmoid
6000,0.3640343,1.0,sigmoid
