$p$ Hidden Layer Width,Alignment,Regularization $\lambda$,Activation
300,0.1423765,0.0,non
300,0.13810776,0.0,non
300,0.10932044,0.0,non
600,0.15341921,0.0,non
600,0.12093286,0.0,non
600,0.1669866,0.0,non
300,0.56616676,0.5,non
300,0.60548544,0.5,non
300,0.48814452,0.5,non
600,0.5018074,0.5,non
600,0.52033335,0.5,non
600,0.43139565,0.5,non
300,0.6907606,1.0,non
300,0.7451289,1.0,non
300,0.719775,1.0,non
600,0.6562967,1.0,non
600,0.6882437,1.0,non
600,0.6748945,1.0,non
