$p$ Hidden Layer Width,Alignment,Regularization $\lambda$,Activation
300,0.12720479,0.0,non
300,0.19388524,0.0,non
300,0.1428416,0.0,non
600,-0.0035181378,0.0,non
600,0.09291351,0.0,non
600,0.11169942,0.0,non
300,0.6285953,0.5,non
300,0.6030201,0.5,non
300,0.5406793,0.5,non
600,0.4532062,0.5,non
600,0.4556411,0.5,non
600,0.5052209,0.5,non
300,0.73514634,1.0,non
300,0.74110764,1.0,non
300,0.7465136,1.0,non
600,0.64857143,1.0,non
600,0.6421436,1.0,non
600,0.6421606,1.0,non
