$p$ Hidden Layer Width,Alignment,Regularization $\lambda$,Activation
300,0.081108786,0.0,non
300,0.1199542,0.0,non
300,0.19850373,0.0,non
600,0.079012655,0.0,non
600,-0.006492867,0.0,non
600,0.10265346,0.0,non
300,0.5596822,0.5,non
300,0.5640443,0.5,non
300,0.47477415,0.5,non
600,0.3814394,0.5,non
600,0.48056448,0.5,non
600,0.48873857,0.5,non
300,0.718567,1.0,non
300,0.7567415,1.0,non
300,0.6985709,1.0,non
600,0.67354846,1.0,non
600,0.62596846,1.0,non
600,0.6635421,1.0,non
