$p$ Hidden Layer Width,Alignment,Regularization $\lambda$,Activation
300,0.05232123,0.0,non
300,0.20386659,0.0,non
300,0.09589205,0.0,non
600,0.103906244,0.0,non
600,0.029450541,0.0,non
600,0.10744032,0.0,non
300,0.50318974,0.5,non
300,0.50504494,0.5,non
300,0.56186855,0.5,non
600,0.37140414,0.5,non
600,0.32381883,0.5,non
600,0.37866962,0.5,non
300,0.76954144,1.0,non
300,0.7508448,1.0,non
300,0.7274271,1.0,non
600,0.71687156,1.0,non
600,0.6469898,1.0,non
600,0.627531,1.0,non
