Second Layer Vec Alignment,Second Layer Weight Alignment,Disentangled Alignment,Regularization $\lambda$,Step
0.0008720838814042509,0.00165039103012532,0.0009554158896207809,0.0,0.0
0.000252098630880937,0.0026304537896066904,0.0006721090176142752,0.0,100.0
0.001426834031008184,0.0038112220354378223,0.00264601013623178,0.0,200.0
0.00014827032282482833,0.0016755893593654037,0.00024283965467475355,0.1,0.0
0.0014775075251236558,0.0027909332420676947,0.00210084137506783,0.1,100.0
0.003709849203005433,0.004185308236628771,0.0057918415404856205,0.1,200.0
0.003686998737975955,0.0017432080348953605,0.003825554857030511,0.3,0.0
0.00254395161755383,0.0031540831550955772,0.0038433889858424664,0.3,100.0
0.00631729606539011,0.005052523221820593,0.014852773398160934,0.3,200.0
