Loss,Accuracy,Regularization $\lambda$,Step
17.68308222412262,0.1392,0.0,0.0
14.283089135926298,0.2067,0.0,1000.0
12.083211824080704,0.2709,0.0,2000.0
10.432130205082522,0.3241,0.0,3000.0
9.17159265507194,0.3756,0.0,4000.0
15.805218571423906,0.1426,0.1,0.0
11.305130965337122,0.2197,0.1,1000.0
8.362310573585317,0.2971,0.1,2000.0
6.290301055619045,0.3696,0.1,3000.0
4.819247105160276,0.4369,0.1,4000.0
