Loss,Accuracy,Regularization $\lambda$,Step
17.371391796875,0.1283,0.0,0.0
15.4799458984375,0.1328,0.1,0.0
12.274200244140625,0.1388,0.3,0.0
