Loss,Accuracy,Regularization $\lambda$,Step
20.52374853515625,0.0978,0.0,0.0
18.36184560546875,0.0993,0.1,0.0
14.671771630859375,0.1058,0.3,0.0
