Loss,Disentangled Loss,Accuracy,Disentangled Accuracy,Regularization $\lambda$,Step
15.93642861328125,13.845482373046876,0.1746,0.1776,0.0,0.0
12.285935693359376,9.868008251953125,0.2258,0.2237,0.0,100.0
10.108201391601563,7.728820532226562,0.2901,0.288,0.0,200.0
14.158070849609375,12.143209375,0.1766,0.1809,0.1,0.0
9.664593701171874,7.578493823242187,0.2412,0.2368,0.1,100.0
6.9168304931640625,5.472351708984375,0.3213,0.3059,0.1,200.0
11.1911841796875,9.3419439453125,0.1832,0.1832,0.3,0.0
5.944401904296875,4.659548583984375,0.2778,0.2585,0.3,100.0
3.2521533569335936,4.024463708496094,0.4068,0.2948,0.3,200.0
