Loss,Disentangled Loss,Accuracy,Disentangled Accuracy,Regularization $\lambda$,Step
20.12131474609375,17.650139453125,0.1258,0.1322,0.0,0.0
14.990304443359374,11.173469140625,0.178,0.2067,0.0,100.0
12.0316556640625,8.74258125,0.2359,0.2966,0.0,200.0
17.95468876953125,15.49528896484375,0.1278,0.1355,0.1,0.0
11.712128759765625,8.350887280273437,0.1895,0.2275,0.1,100.0
8.185015087890624,6.421078637695312,0.2637,0.3271,0.1,200.0
14.236976513671875,11.822657470703126,0.1334,0.1451,0.3,0.0
7.12574951171875,5.2056958984375,0.2207,0.2797,0.3,100.0
3.7634978515625,5.57772265625,0.3436,0.2079,0.3,200.0
