Loss,Accuracy,Regularization $\lambda$,Step
16.455493603515624,0.1428,0.0,0.0
14.686946533203125,0.1493,0.1,0.0
11.689129150390626,0.1612,0.3,0.0
