Second Layer Vec Alignment,Second Layer Weight Alignment,Disentangled Alignment,Regularization $\lambda$,Step
0.010102559812366962,0.012816720642149448,0.010162719525396824,0.0,0.0
0.014243897050619125,0.013490885496139526,0.01451161690056324,0.0,100.0
0.01513102650642395,0.014305059798061848,0.015864212065935135,0.0,200.0
0.010618403553962708,0.012842646799981594,0.010689303278923035,0.1,0.0
0.015982765704393387,0.013599998317658901,0.01637459360063076,0.1,100.0
0.013731214217841625,0.014584667049348354,0.015144078060984612,0.1,200.0
0.00986452680081129,0.012889806181192398,0.009961303323507309,0.3,0.0
0.010227479040622711,0.01384636852890253,0.011098062619566917,0.3,100.0
0.012378370389342308,0.015205351635813713,0.017880961298942566,0.3,200.0
