Loss,Accuracy,Regularization $\lambda$,Step
14.809814697265624,0.2136,0.0,0.0
13.264473095703124,0.218,0.1,0.0
10.614733447265625,0.2252,0.3,0.0
