$p$ Hidden Layer Width,Alignment,Regularization $\lambda$,Activation
400,0.32450625,0.0,relu
400,0.23876052,0.0,relu
400,0.25134888,0.0,relu
800,0.28712884,0.0,relu
800,0.31049088,0.0,relu
800,0.26279074,0.0,relu
400,0.67232543,1.0,relu
400,0.67233217,1.0,relu
400,0.6458858,1.0,relu
800,0.7107402,1.0,relu
800,0.60998833,1.0,relu
800,0.6807497,1.0,relu
400,0.78597826,2.0,relu
400,0.7171567,2.0,relu
400,0.74734706,2.0,relu
800,0.77598554,2.0,relu
800,0.81789297,2.0,relu
800,0.8025213,2.0,relu
